aspect,avg_valence,avg_arousal
fossil fuel industries,4.67,6.33
carbon capture and sequestratio,4.83,6.17
clean energy,7.5625,7.479249999999999
Environmental Protection Agency,6.054878048780488,5.5131707317073175
climate change,3.080864197530864,6.703209876543209
infectious diseases,3.0,6.5
Capitalism,7.83,7.67
nuclear energy,6.786612903225806,6.929354838709678
Climate change,3.568,6.45
humanity,6.0,5.17
Solar Park,6.5,7.0
clean energy business,7.0,7.5
carbon emissions,3.0400000000000005,5.54
renewable energy power plants,3.0,5.5
clean energy ,7.835,7.665
Office of Science,7.0,7.17
Germany,5.25,4.23
coal plants and nuclear reactors,5.67,4.17
Great Britain,5.0,3.0
Director General of the Environmental Protection Agency,5.0,3.5
seaweed fertilizers,4.75,2.62
Iran's Nuclear Energy scientists are women,6.1,5.2
coal power,2.5,7.0649999999999995
TRBOT,5.5,3.0
Nuclear power,8.0,7.83
fossil energy,2.96,5.29
Mass.,6.62,6.25
ELM's Director of Clean Energy Policy,6.38,5.75
Raising awareness,6.2,5.3
Trump-era,3.25,5.75
pollution controls,7.0,7.0
House of Representatives,6.38,4.87
less oil,3.0,5.75
US,5.0,2.75
Clean Water Act,6.166666666666667,6.295000000000001
Mountain Valley Pipeline,1.78,7.776666666666666
weedkiller,1.62,8.12
illness,1.38,8.0
campfires,2.5,6.0
carbon management,8.17,8.0
greenhouse gas emissions,2.21,7.71
recycling aluminum,7.0,7.0
primary aluminum,3.0,6.25
clean energy sources,7.25,7.25
doomerism,6.75,6.75
optimism,2.5,7.0
tuna song,7.17,7.0
environmental awareness,7.2996428571428575,7.245
promotional projects,7.33,7.17
President Barack Obama,7.5,7.25
Clean Power Act,7.75,7.75
U.S. Environmental Protection Agency,6.166666666666667,5.771111111111111
California,4.5,3.0
Clean Air Act,7.0,6.25
clean energy economy,7.390000000000001,7.276666666666666
DonaldPayneJr,7.33,7.17
household energy costs,7.5,7.17
POTUS,7.4433333333333325,7.390000000000001
Clean Energy,7.83,7.42
Americas Partnership for Economic Prosperity,6.75,6.5
clean energy jobs,7.25,6.75
POTUS s infrastructure plan,7.75,7.25
electric vehicles,6.686984126984127,6.559047619047619
The Republican,3.25,6.5
SB19Official,7.17,7.17
social awareness,7.67,7.5
"Filipino music, culture and arts",7.67,7.67
ParaMadeleine,6.5,5.88
social solidarity,7.62,7.38
Istanbul Digital Media,7.75,7.5
theSNP,7.17,7.0
green energy,5.02,6.470000000000001
Tory Govt,2.33,7.0
Wind excluding storage cost,5.0,3.67
tax hikes,1.83,7.67
AI,6.165,6.54
electricity,5.78,6.109999999999999
poor financial state of companies,3.0,5.88
Northern Hemisphere,4.75,2.88
Environmental Awareness And Sustainability,7.25,6.75
tecnomobilegh CAMON19 Series ,6.75,6.0
nuclear power,5.83,5.5
gas plants,3.335,5.29
Strawberries,4.25,4.5
Cameron Highlands,5.12,3.5
socialists,3.67,5.33
renewable energy subsidiary,7.5,7.25
pandemic,3.125,5.6899999999999995
ENERGY STAR products,8.25,7.88
greener lifestyle,7.88,7.5
Compost Bin,7.75,7.38
Dutch farmer,6.25,5.25
Fossil fuels,6.5,6.25
global population,6.0,5.0
shark fin trade,3.62,6.25
bill,7.5,7.25
coal plants,2.941818181818182,6.390000000000001
Tesla,6.6,5.942500000000001
 Bitcoin,6.5,5.5
natural gas,5.859999999999999,5.1499999999999995
coal emissions,2.5,6.75
coal energy plants,2.565,7.0600000000000005
Musk s Master Plan,6.83,5.83
Part Deux,6.17,5.17
Environmental Protection Agency ,5.25,3.12
Transportation Department,5.38,3.25
environmental issues,5.4475,6.4125
Electric vehicles,7.366,7.231999999999999
power plants,3.17,6.0
oil and natural gas,2.83,6.5
Climate Change.,3.0,5.12
Naada Jinapor,6.88,6.62
tree seedlings,6.62,6.0
Europe,5.25,3.0
Pioneer Natural Resources Company,5.0,2.38
Bluewater Strategies,5.12,2.62
The Cuyahoga River,5.25,2.75
French nuclear energy ,5.17,2.67
US Department of Energy,5.33,2.67
Taishan plant,4.5,2.67
BTC,6.62,6.25
electric car,5.5600000000000005,6.625
immigrants,2.0,7.25
Republicans,3.5625,6.6225000000000005
mass shootings,1.75,7.38
GOP,1.88,7.62
Nuclear Energy FY2022 Budget Request,6.17,5.0
commercial deployment of advanced reactors,6.5,5.83
DOE's FY22 Budget Request,6.0,4.83
Mr Bowbrick,6.5,5.75
British Gov't,6.88,6.38
UK,6.5,6.0
Spain,6.5,6.0
podcasts,7.0,6.75
sustainable mind,7.0,6.88
Nuclear energy,6.69,6.981
Nuclear power plant,7.5,7.2
sales tax,3.5,4.25
Electric Vehicles,7.017777777777777,6.6755555555555555
Nissan,7.225,6.675
Power plants,6.25,5.75
due to shortage of Coal,1.5,8.0
BJP,3.25,5.75
Arizonans,5.12,2.5
clean energy transitions,6.12,4.5
Lauren Kuby,5.25,3.25
worldwide Public awareness,7.17,6.17
Bulgarian miners,6.25,5.25
Greenpeace,4.0,4.88
HorizonEU project Agroecology-TRANSECT,6.0,4.12
systemic economic,5.38,3.12
North Dakota coal plant,3.0,6.0
Minnesota shareholders,7.0,6.5
Proposed New Rule,2.38,6.62
The Environmental Protection Agency,4.96,6.54
clean energy transition,7.395,7.21
Extreme weather,2.5,6.67
 coal-fired power plant,2.83,6.83
GovPritzker ,4.62,3.12
Prairie State Energy Campus,5.88,4.5
chlorpyrifos,2.5,4.5
federal appeals court,5.83,5.67
Nuclear Energy,7.708333333333333,7.73
nuclear reactor,7.33,7.5
India,6.6875,6.5425
MikeLevin,7.5,7.5
LCVAF,7.5,7.5
Vogrie Outdoor ELC,7.5,7.25
Litter picking,7.5,7.25
SCOTUS,5.0,3.25
liberal guy,4.75,4.0
democrats,3.25,5.75
Clean energy,7.5,7.25
carbon tax,2.75,7.0
carbon-free energy,7.165,7.125
atomic power,7.0,6.83
environmental initiative,8.12,7.62
facility in CityOfFerndale,6.67,6.83
zero-emission public transportation,7.0,7.17
pollution in Franklin,2.67,6.33
child cancer,2.5,6.17
drug to treat Alzheimer s disease,7.67,7.5
nuclear-powered ship,7.0,7.0
state of oceans,7.0,7.0
 PurdueAg professors,6.08,4.83
Scientific Advisory Board,6.08,5.0
British Columbians,6.67,5.67
right-wing trash troll,2.25,6.88
fuel prices,3.75,5.0
statue,7.33,7.0
artist,7.5,7.17
sea level rise,2.0,7.33
coal miner,7.12,6.5
 coal plants,2.44,6.725
air pollution,2.585,6.275
surrounding communities,4.88,3.12
multi-generational home,5.33,4.17
gas car,5.25,3.25
Wind Turbine ,7.12,6.62
energy generator,7.12,6.62
nuclear,7.79,7.29
Ontario,5.0,2.0
Fargo flood project,7.0,6.5
Cuyahoga River OH,2.83,6.67
medical biotech nuclear energy,5.17,2.17
uranium self defense,5.17,2.17
Woodside's reserves of LNG,2.33,6.17
The AGL coal-fired plants,2.67,6.33
global economy,5.67,4.83
transition,3.33,5.83
Albanese government,5.67,5.83
Illinois Environmental Protection Agency,6.25,4.88
impact to air,4.38,4.75
Puerto Rico,6.17,7.0
Alexandria ocasio-cortez,2.17,7.33
democrat socialist,2.0,7.67
China,3.918,6.516
Puerto Rico's Energy,4.75,7.12
Coal-Fired Plant,3.75,7.38
military intervention,7.0,7.0
coal plant,3.034,6.362
Seattle heat wave,2.5,6.83
carbon pollution,1.67,7.67
Africa Environment Day,7.62,7.25
environmental challenges,2.0,7.5
Modi Government,7.12,6.88
U.S. federal government,4.88,2.38
old coal power plants,2.17,7.5
Illinois,4.83,3.83
The California Blackout,2.88,7.25
clean water,8.38,8.38
modern water resources,8.12,8.12
ICE vehicles,2.83,7.33
Allocated Tax Credits for Nuclear and Clean Energy Plan,7.5,7.5
 coal plant ,2.12,7.5
Little Village residents ,7.0,6.62
Gas Prices,2.17,7.33
 Light and Heavy water reactors,5.67,5.0
California Environmental Protection Agency,5.5,5.5
CNRA,4.75,3.75
America,6.75,6.335
Zippy Duvall,5.0,2.17
Navigable Waters Protection Rule,5.33,5.0
Agriculture,4.125,4.665
the British government,4.62,2.75
Andrew Walusimbi,7.25,6.88
Animal agriculture,1.83,7.83
govegan,5.83,7.83
Mr. Heat Pump series,7.25,7.0
Sally Benson,6.38,5.88
WhiteHouse,6.25,5.62
environmental protection,7.375,7.262499999999999
governor,1.83,8.0
electric vehicle,6.835,5.75
combustion engine scientists,3.5,4.17
scientists advising the EU Commission,4.0,4.0
Vasco,7.5,8.0
refugee families,6.25,6.25
Congolese refugee,7.75,8.25
building charging networks,7.17,7.17
Arizona,4.0,4.0
sun's rays,7.83,8.0
Clyde docks,5.0,3.5
ClothingHugh 916 stevo,8.0,8.25
Sydney climate change event,2.25,7.0
Texas gasoline prices,2.25,6.25
EV charging stations,7.0,7.0
bisexual,6.33,7.0
planet,7.875,7.75
bylaw officers,7.0,6.25
Hybrid Electric Vehicles,7.0,7.5
black oil traders ,2.5,7.0
clean energy future,7.666666666666667,7.609999999999999
ClimateEmergency,2.75,6.75
photography,6.835,7.085
Greenpeace International,7.25,7.25
EV renaissance,7.75,7.75
hybrid electric plug-in,4.75,7.5
Ohio,2.5,7.25
White House,6.775,6.085
School campaign,5.7,4.7
planed to shut down,6.3,5.4
Sea of Islands,6.75,6.75
price,4.38,3.12
robotaxis,6.3,5.3
self-driving vehicle,4.5,4.6
DERA SACHA SAUDA,4.88,2.62
SaintGurmeetRamRahimSinghJiInsan,4.75,2.5
BSEE,6.5,6.0
federal agency,6.5,5.33
Bearded Greta Bandt,3.0,5.5
government,3.973333333333333,5.723333333333334
real knowledge,7.0,6.5
regressive taxation,3.0,5.5
Bernie,6.25,6.25
EPA's Safer Choice Program,6.88,6.75
Biden,3.5833333333333335,6.016666666666667
bipartisan package,5.0,6.25
energy and electric vehicles,6.75,6.75
Defense Production Act,7.0,6.75
clean energy technologies,7.0,7.0
Bihar CM Nitish Kumar,6.67,6.83
environmental conservation,7.17,7.33
Vriksh Raksha Diwas,6.83,7.0
Bill Gates,5.125,3.75
Climate Change,3.35,5.7
German politician,5.62,4.75
Polish MP,5.75,4.88
oil,1.83,8.0
solar panels,8.33,8.17
governments worldwide,2.33,7.33
econ. coop.,4.62,2.75
carbon dioxide,2.62,6.25
coal,3.0,6.813333333333333
GoI,6.0,5.33
electric-vehicles,6.0,5.33
PM Modi,7.54,7.5
Kathy McCarthy,7.88,7.62
CPS coal plant,1.88,7.38
carbon neutrality,8.0,7.75
COVID-19,2.38,6.75
Ukraine war,2.5,6.88
Sustainable Development Goal 7,7.25,6.5
CSOs in Tanzania,7.0,7.0
energy transition,7.166666666666667,6.946666666666666
gun control,3.5,6.5
ClimateChange,3.35,5.973333333333334
Zach Weinersmith,4.5,4.5
labor shortage crisis,3.5,7.0
border crisis,3.0,6.5
Gwynedd County Council,5.0,3.75
sustainable energy,6.25,5.75
lefties,2.12,7.0
global crises,1.75,7.5
U.N. climate chief,5.5,4.75
IES,5.62,3.38
G7,7.0,7.0
coal finance,2.83,5.67
Elon Musk,5.67,4.75
Biological Diversity,5.17,1.83
US Environmental Protection Agency's,5.0,1.67
Central Bank of Kenya Pension Towers,6.83,6.67
Kenyan Architects,6.83,6.83
GM mtbarra,6.83,6.17
environmental justice movement,6.3,4.9
ELECTRIC VEHICLES,5.706666666666667,7.583333333333333
Democrat,1.75,7.25
Sewer Overflows,4.17,4.0
Cloud-Based FOG,5.5,4.17
hydropower plants,5.83,6.0
China's deserts,6.67,6.33
McCarthy Hills cement plant,3.25,4.38
Ghana s Environmental Protection Agency,6.12,5.12
Chris Kenny,1.83,7.0
Clean Air Alliance,4.33,5.5
High School narrates,6.83,6.67
Clear nuclear energy,7.75,7.5
fossils,2.5,6.75
economic lives,6.0,4.75
The advanced nuclear plant,7.0,6.75
Coal Power plants,2.17,7.0
Joe Manchin,2.5,6.5
Coal combustion,2.5,6.75
Coal shortages,4.83,3.0
thermal power plant units,4.67,3.0
America s safest energy source,7.5,7.67
civilization,5.5,4.0
ERCOT,6.0,4.88
Renewable Wind Energy,2.83,6.0
U.K Emergency,3.67,4.0
 investments,7.67,7.5
 communities,7.67,7.67
 workforce,7.5,7.5
tsunami,2.62,6.12
Conecta Parques,7.12,6.88
ecotourism,7.0,6.88
jobs,8.0,7.75
justice in Congress,7.62,7.25
Kit Carson Electric s latest clean energy project,6.38,7.0
wheelchair,6.25,4.88
Clean Car Discount,8.0,7.62
climate-friendly vehicles ,8.0,7.62
Indiana Department of Transportation,7.17,7.33
Crypto,3.5,5.5
NFT project,8.5,7.0
UN,6.165,6.25
plastic pollution awareness campaign,8.0,7.83
environmental pollution,1.5,8.0
Coal Creek,2.0,7.0
Green River Energy,3.12,5.88
Danish Environmental and Food Appeals Board,5.12,3.5
Baltic Pipe,4.62,3.38
David Littleproud,2.0,7.5
gas-led recovery,3.0,6.0
clean energy legislation,7.46,7.225
clean energy plants,7.67,7.33
Environmental Awareness,7.67,7.83
Earth,7.67,7.83
Animals,7.33,7.5
Australian Climate Case,7.0,7.33
Ameresco,7.5,8.0
carbon neutral,6.666666666666667,6.5566666666666675
Baltic Pipe gas pipeline,4.5,3.38
Russia's Nord Stream-2,4.38,3.5
terrible environmental,1.88,7.62
Washington,7.5,7.83
walk and plantation,7.38,7.38
weapons programme,3.88,4.0
civil nuclear power,5.38,4.0
Doctor Strange,7.62,7.62
Solar Satellite,7.62,7.38
Dogs,7.38,7.0
summer,7.25,6.75
THE UNIQUE GROUP,7.25,7.75
extreme heat,2.5,6.5
California ISO,5.75,2.5
Charge devices,7.75,7.75
Stage 1 Water Alert,4.62,2.75
Drought Management Plan,5.62,3.62
Dutton,7.83,8.17
PLEVs ,4.88,3.75
E-scooters,4.25,4.75
Ultra-Low Emission Vehicles ULEVs,7.5,7.38
RAF Brize Norton,7.25,6.75
EPA,6.158333333333334,6.1866666666666665
Limits on Water Pollution,6.3,5.1
forever chemicals,2.88,4.88
Coal Plants,7.75,7.38
Black Coal,7.75,7.62
do-it-yourself puzzles,8.0,8.0
spatial awareness,7.88,7.75
petrol tank for emergencies,6.67,6.33
Electric mobility,7.33,7.5
EV Policy 2021,7.17,7.5
price of electricity,3.83,4.17
France,7.67,7.33
Nuclear Energy Assembly,6.83,7.0
Carbon free nuclear power,7.5,7.67
Enel,3.5,5.5
fossil fuel,3.835,5.835
ClientEarth,6.5,7.0
Enviro NGO,5.5,6.25
Environmental,6.0,6.5
fuel,4.585,6.25
Tesla Full series,7.62,7.12
Eskom,5.12,2.5
Evaggelos Vallianatos,7.0,7.5
US Environmental Protection Agency,6.625,6.625
Mckay Jenkings,7.0,7.5
atmosphere,7.17,6.33
ForestClimateWG,7.5,7.33
 power plant ,4.75,3.38
burning coal,3.62,3.5
World Environmental Health Day,7.5,7.5
health,7.5,7.75
integrity,7.25,7.25
media,4.0,5.92
NUCLEAR ENERGY,7.333333333333333,7.183333333333333
antinuclear lobby,1.33,8.5
essential energy technology,8.33,8.33
ExxonMobil Guyana,5.67,5.17
Next-Gen Nuclear Plant,7.17,7.33
TerraPower,7.67,7.83
cognitive enhancer,8.38,8.62
awareness of environmental issues,6.75,6.25
Ocean and Environment advocate Johnathan Smith,7.5,8.0
Uto Ni Yalo,7.5,7.5
 Helen,4.75,2.75
coal-fired power plant,3.164,5.768000000000001
carbon tax costs,4.75,6.5
public awareness of environmental issues,7.5,7.75
Friends of the Earth,7.5,7.5
Green Guide,7.62,7.88
Gina McCarthy,5.125,6.25
Secretary Granholm,7.25,6.25
Bipartisan Infrastructure Framework s historic investments,7.75,7.25
activism,8.17,8.0
The Defender Project,7.83,7.67
FREE self-defense course,8.5,8.67
 LNP govt,1.5,8.12
Morrison,2.0,7.79
K-Green Foundation,8.5,8.5
cheeseburger,4.83,3.83
 earth minerals,2.25,7.75
AOC,2.25,7.25
America s pastime,6.88,6.5
Dr. Jessica Murfree,7.88,8.12
Risk Threat Analysis Assessment,4.12,7.12
Level of Threat potential risks,3.25,6.25
good jobs,8.0,7.75
democracy,8.25,7.5
Berkeley NIMBYs,2.5,6.5
Dr. Charlie Koven,6.5,7.0
Denser housing,7.0,7.5
Ford,6.875,6.665
Mach-E,6.5,5.83
ministers,2.0,6.5
U.S. oil production,7.0,6.75
oil prices,4.5,4.88
Formula E,7.67,7.67
consumer electric vehicles,7.67,7.67
walnuts,7.67,7.33
PAHAAD ORGANICS,8.0,7.83
organic agriculture,7.83,7.83
MercedesBenz,5.67,4.0
internal combustion engines,6.83,6.5
Springfield,3.83,3.0
Statehouse,4.83,3.5
Oregon,8.0,8.0
renewable electricity,7.585,7.75
New York clean energy goals,7.62,7.38
nuclear industry,7.12,6.62
EDFofficiel,7.38,7.25
European energy technology,7.0,6.5
Prince Harry,2.17,5.83
equality,6.67,6.17
fossil fuels,2.395,6.75
gas coal plants,1.83,7.33
GERD,7.25,6.75
sedimentation,3.0,6.0
RUSSIA,7.75,7.75
U.S. battery factories,7.12,6.88
new technology,7.38,7.0
GREFIN,7.5,7.5
sustainability-based economy,7.17,7.0
environmental awarenes,7.67,7.67
German Power Prices,3.5,4.5
RWE,4.12,5.5
 Dutch govt,5.67,6.17
German,6.67,6.5
German court,6.67,6.5
Datteln 4 plant,3.33,4.5
fireworks,7.5,7.5
tailwinds,7.17,7.33
hottest fashion and music show,7.5,7.38
Hyphen and Kell Kay,7.38,7.25
sustainable environmental practices,7.5,7.4350000000000005
"""right-wing"" art",4.17,4.0
GiGLogistics,7.38,7.12
Modi govt,2.0,7.33
wind power,6.0,7.0
Power plant,6.17,4.83
pollution,2.5,6.225
Ferguson Lake,5.0,4.17
child slave labor,2.25,5.5
RE materials,3.0,5.25
Canada-U.S. electricity relationship,7.75,7.62
climate and energy security goals,7.5,7.38
Newfoundland,7.375,7.335
Labrador,7.375,7.25
Glasgow fleet,5.83,6.5
UK's largest electric vehicle charging hub,6.83,6.33
SMRs,7.12,6.88
Stellantis,7.67,7.5
Jeep Wrangler,8.0,7.83
AWS Clean Energy Accelerator 2.0,7.17,7.33
low-carbon energy transition,7.33,7.5
Greece,6.5,6.5
pandemic recovery,7.0,6.83
coal power plant,2.5,6.75
Green transition,7.5,7.25
Greenies,3.0,5.75
climate change clean energy,3.25,5.75
Greenish,6.875,6.875
solutions through education,7.0,7.5
education,7.75,7.25
Economic growth,5.38,6.75
natural environment,7.25,7.0
human health,7.25,6.88
subsidies,7.38,7.5
HB1362,7.17,7.0
GovofCO,7.5,7.33
AMAZON,7.33,7.33
cans of Nuclear Energy,7.83,7.83
Dr. Kathryn Huff,6.0,5.5
lasbela Imran Saeed,6.7,5.5
Dr Faiyaz Alam,6.6,5.6
Anjum Raffatullah,6.7,5.5
national security,7.12,7.0
GHG emissions,3.0,6.0
environment,7.375,7.026666666666666
sustainable development,7.355,7.025
Harry S Truman,6.12,5.25
Victorian nuclear prohibition ,3.0,5.67
gas and diesel cars,3.5,5.12
Heat wave season,5.0,3.0
U.S. cities,5.0,3.0
plastic pollution,2.83,5.33
Helsinki,6.25,6.0
graduate work,6.3,5.3
Graduate Research Fellowship,6.5,5.6
 India s new dams,5.8,4.8
smoke nuisance,3.75,3.62
Environmental Protection department,6.0,4.88
canadianenergycentre,7.0,7.0
Canada's oil and gas industry,7.62,7.5
Natural Resources Conservation Academy,7.83,7.5
environmental sustainability,7.67,7.165
Hollie Hughes,2.06,6.835
LNP,3.83,7.08
climate action,7.525,7.46
woke agenda,2.75,5.62
nuclear plants,4.3325,5.75
winter storm,3.5,4.12
nuclear-produced hydrogen,7.67,7.67
IAEA,7.75,7.62
low-carbon sources,7.62,7.62
unmitigated climate change,3.0,7.5
megadrought zone,3.0,6.5
NOAA usbr,5.0,2.5
Coal Powered Plants,2.75,6.0
Innovative tech,7.38,7.12
community models,7.38,7.12
Grupa PGE,7.25,7.12
lignite mine,5.12,7.12
Belchatow power plant,2.38,6.25
coal- and gas-fired power plants,2.17,7.33
Ukraine,5.916666666666667,5.483333333333334
Immediate Goals,7.75,8.0
Fossil Fuel Investments And Subsidies,2.0,7.75
All New Coal Power Plants,2.25,7.5
abandoning nuclear energy,2.0,8.0
Generations in Central and Eastern Europe,8.0,8.0
geopolitical failure,2.0,8.0
New York League of Conservation,7.67,7.67
existential threat,1.17,8.33
Manhattan,7.0,6.67
coal energy,3.0,5.12
the Queen,3.5,4.88
Prince William,3.25,4.62
Prince Charles,3.38,4.88
party currently in power,2.0,7.5
high gas prices,2.0,7.5
Labor,5.5,7.2
Legislators,2.5,6.83
gas and oil industries,2.17,7.17
 Environmental Protection Agency,5.25,3.5
campus,5.0,3.62
private sector representatives,6.62,6.0
supply chain resiliency,7.38,7.25
clean energy and decarbonization,7.25,7.25
DoctorsXr,6.75,6.25
malnutrition,2.5,6.75
Irish Environmental Protection Agency website,4.12,3.62
CO2,4.0,3.5
BBC,3.0,5.17
U.S. Climate Alliance,7.5,7.38
Congress,2.44,6.8100000000000005
US Clean Air Act,6.67,6.17
Richard Nixon,6.33,5.83
coal power output,4.88,6.0
NATO,7.33,7.33
cyber,7.17,7.33
allergies,2.83,6.33
Environmental Protection Agency certification,6.4,5.3
class,6.0,5.2
solve climate,5.5,6.83
ENVIRONMENTAL PROTECTION AGENCY,4.395,6.165
Patagonia,4.67,4.17
Tim Traveller,7.67,7.67
nuclear power plants,5.3999999999999995,6.516666666666667
USA,6.62,6.12
Putin,3.5,4.83
economic growth,6.625,6.96
gas prices,2.67,6.67
Obama EPA actions,2.67,6.33
coal-fired power plants,2.8333333333333335,6.776666666666666
nitepunk show,7.12,6.75
Labour MPs,7.75,7.62
unitetheunion members,7.62,7.62
Canada,7.12,7.0
JulieAnneGenter,8.0,8.0
climate-friendly vehicles,8.25,8.12
corporate pollution,2.17,7.17
country,5.88,6.25
Body autonomy,7.75,7.62
weapons,2.33,5.5
BAU,6.88,6.5
fiscal risks,6.75,6.88
RepPeterDeFazio,6.5,6.33
WorldNuclear,6.75,6.88
IQSTEL,6.5,6.33
EVoss Electric Vehicles,6.5,6.33
vip,5.83,5.33
Ian Plimer,4.5,7.5
climate science,2.12,7.12
NYC,6.38,5.75
air conditioners,6.75,5.88
coal fired power plants,3.925,6.45
Katie,7.83,7.83
climate change ,2.5,6.0
war,3.0,6.0
floods,3.0,6.17
renewables,3.25,4.75
population,2.75,7.0
gop,2.38,6.5
petrol cars,3.0,6.0
elonmusk,4.75,4.0
 chemical levels ,3.0,7.0
petroleum sector,2.5,7.5
clean energy infrastructure,7.17,6.83
Domestic Manufacturing of Clean Energy,7.17,6.67
electric cars,3.375,5.625
Tamale Library,7.25,7.25
children books,7.25,7.25
President Biden,5.12,3.0
Brazil,6.38,4.38
EPA scholars,7.5,7.33
germany,5.0,6.04
ticks,2.4,7.5
EPA -registered insect repellent,7.9,7.7
temperature,2.0,8.0
World War-3,1.17,8.83
sustainable development and clean energy,8.0,8.0
environment-friendly policies,8.0,8.0
nature,7.625,7.25
Institute of Electrochemistry Energy Systems,8.0,8.0
Disabled people,8.0,7.83
geopolitics,6.38,5.62
Europe's nuclear energy industry,5.88,5.38
China's nuclear energy exports,5.62,4.88
urban biodiversity,8.33,7.83
urban pollinator species,8.33,7.67
sabotage,1.0,9.0
yoni ben menachem yonibmen,5.0,1.0
subsidy for electric vehicles,8.0,7.5
subsidy for electric bicycles,8.0,7.5
GST rate,2.0,8.0
Island nations,8.0,8.0
clean energy innovation,7.5,7.5
funds,8.0,7.67
clean energy innovations,8.12,8.25
training on environmental issues,8.0,7.5
empowerment of women,8.0,7.5
Middlesbrough,7.83,7.67
partisan issue,1.0,8.5
AR-15,1.5,8.0
cleaner future,8.17,8.17
World Oceans Day,8.67,8.17
combat climate change,8.83,8.67
protect our planet,8.83,8.33
NOAA's Climate Prediction Center,5.25,4.12
temperature outlook,4.38,5.5
national clean energy transition plan,7.83,7.5
state fed energy ministers ,7.33,7.17
Chinese Communist Party,2.17,7.5
JAY B,6.88,6.88
clean energy independent,7.83,7.33
Japan's electricity,4.0,5.5
Fukushima incident,2.0,7.5
LNG,4.0,5.5
Oando Clean Energy Limited,8.38,8.12
Lagos Metropolitan Area Transport Authority,8.12,7.88
Environmental Awareness Month,7.585,7.375
Taking a stand,8.0,7.5
Environmental Protection and Conservation,7.67,7.17
climate,4.75,7.425
business engagement,7.62,7.38
Renewable,6.0,6.83
western play card,1.83,8.0
global emissions,2.75,7.38
Public health,7.0,6.67
electric motors,8.0,7.75
weapons clean energy,5.75,4.5
Tradeable currency liquidity,5.62,4.38
Talent attraction agglomeration,6.12,5.12
Kimiko Hirata,8.33,8.17
Kindness and collaboration,7.88,7.62
climate change and health,7.62,7.25
KingandPrince,7.0,7.0
Japan's biggest yearly live fundraisers,7.25,7.25
Mitch,1.5,8.5
Natural gas,3.775,6.45
Korea Institue of Ocean Science Technology,6.75,6.25
marine environmental science,7.0,6.88
pipelines,1.17,8.67
Labour has a solid plan,8.0,7.83
Ministers,1.83,7.67
Landscape with Carbon Capture,8.25,8.0
artist's environmental awareness,5.25,7.25
fossil fuel exploration,1.83,7.67
meatless diet,5.0,5.17
Wyoming,7.5,6.83
legislator's policy,7.0,6.67
Lauren Bailey,6.33,5.5
recycle,8.5,8.5
environmentalfriendly,7.75,7.5
plasticpollution,2.0,7.25
BTS,8.0,8.0
waste material,4.75,7.0
awareness on conservation,8.25,7.5
National Conference,6.33,6.17
Life lesson,7.83,7.83
Lithium,6.8100000000000005,6.3100000000000005
lithium extraction,6.0,5.17
Controlled Thermal Resources CTR Ltd,6.88,6.5
renewable energy technologies,7.0,6.88
Latin America,6.62,6.62
F-150 Lightning,4.38,5.0
mineral inputs,3.5,4.88
internal-combustion vehicles,5.75,4.5
Littleproud,1.5,8.33
political weapon,2.33,7.0
Local climate activists,6.5,6.33
government ,1.25,8.0
TVs plants,6.75,6.0
coal power plants,2.35,6.403333333333333
road network,5.83,4.83
citizens assembly on climate change,7.5,7.33
anti-idling campaign,7.67,7.5
E10 fuel,5.25,4.25
EU Commission strategy,7.0,6.67
nautical miles,5.17,3.67
China s luxury malls,7.0,6.62
Marion Barber,6.0,4.75
vaccine,2.0,8.0
coal fired plant,2.0,8.25
net zero,8.5,8.25
Matt,1.5,8.0
ALBUMS,5.75,6.88
FrancisSuarez,6.17,6.0
strip-mines ,1.67,8.17
farms and villages,8.67,8.33
ElBaradei,7.5,7.5
military,2.25,7.25
thoughts,7.5,7.25
Energiewende program,2.0,7.2
metal companies,6.33,6.17
Miami Mayor,6.67,6.33
Chinese miners,7.0,6.67
clean nuclear power,6.5,6.33
Chinese Bitcoin miners,6.67,6.5
Modhera,8.12,7.88
solar powered town,8.0,7.75
energy,4.5,6.5
U.S.,2.75,6.75
Eco-Friendly Cities,7.75,7.75
Vienna,8.5,8.5
bicycle sharing system,7.25,7.25
clean energy craft beer,7.67,7.67
hydro facility,7.67,7.33
government's nuclear phase-out policy,4.0,5.62
Mr. Asif Shuja Khan,5.25,2.75
 public Gov't,3.75,6.5
Damini Album,8.0,8.0
burnaboy ,7.75,7.75
Muslim,6.88,6.5
The JuneYoon Impact,7.75,7.62
resources,6.62,5.88
environmental restoration,7.25,6.5
Herd Immunity,7.67,7.17
sensible centrists,8.33,8.0
zero emissions nuclear energy ,8.5,8.0
NCT Doyoung,6.5,6.0
environmental awareness ,6.62,6.12
Helsinki's coal plant,4.17,6.67
Helsinki's Hanasaari coal plant,3.0,6.33
NIHK,5.38,4.12
Police,4.665,4.5
last operating coal plant,2.67,6.5
NSW One Nation,7.0,6.33
charge for electric vehicles,7.17,6.67
Malcolm Turnbull,2.83,6.5
NUCLEAR POWER,1.75,7.88
Stewart Brand,5.12,3.38
Nadine Lustre,7.5,7.42
Siargao Environmental Awareness Movement,7.92,7.835
National Center for Science Education,7.0,7.0
ACE,6.75,6.75
climate education,7.5,7.5
National solar industry lobbyists,2.33,7.0
Nations,2.33,7.5
coal nuclear power plants,7.5,6.83
nurse shortages,2.5,7.17
left,2.2,7.0
U.S. facilities,2.5,6.25
Nuclear Energy Policy,7.25,6.5
taxpayer,7.0,6.0
power grid,7.5,7.5
Holly Hughes,1.17,8.67
new polluting lorries,3.0,6.5
green taxes,1.5,8.5
Illinois coal plants,4.5,5.67
NRG plants,4.67,5.33
LindsayPB,6.67,6.5
battery gigafactory,7.62,7.5
Sunderland site,6.12,4.75
power crisis,2.5,7.0
Na cooling,7.83,7.5
global warming,3.276666666666667,6.1933333333333325
Peta Credlin,1.4,8.3
SLNH,6.5,6.0
clean energy mining,8.0,7.5
Soluna,8.0,7.0
 British right wing media,2.67,7.17
WorldWellBeingWeek,7.5,7.62
wide-ranging aspects of wellbeing,7.5,7.38
Energy,8.0,8.33
nuclear radiation,4.0,7.83
left wing sloganeering,1.5,8.33
OT FESNS graduates,7.83,8.33
DEMOCRAT,1.62,7.5
ORNL researchers,7.12,6.88
Integration Agency UL Hospitals Group 1,4.88,2.75
Ofgem's,3.5,6.5
grid capacity,7.0,6.25
clean energy auction,7.0,6.75
Oklahoma State University,6.38,5.75
virtual fencing technology,7.38,7.12
multidimensional poverty,5.0,6.75
nature positive action plans,7.0,6.75
Zhang Zhijian,4.5,3.38
Sindh Environmental Protection Agency,6.71,6.79
Kinjhar Lake Thatta ,6.75,6.25
planted saplings,6.75,6.75
hydrography,7.0,7.25
oceans,7.625,7.595
earth,6.75,6.75
Dems,4.5,5.5
epidemic of gun violence,2.25,5.88
hydropower,6.83,7.0
massive tree planting,7.5,7.33
RiverActionUK,7.17,7.0
environmental protection agency,7.0,6.75
lower quantity,2.67,6.67
the Climate Action working group,7.12,7.12
DrKarlWhittle,6.62,6.62
LivUni,6.88,6.88
Government Motor Transport GMT,7.0,7.0
EPA 's WaterSense program,7.5,7.33
management methods,5.75,4.38
scoring methodology,5.75,4.62
Climate Protection and Resiliency Plan,7.12,7.12
 clean energy ,6.38,7.25
Natrium reactor,7.0,7.0
PM,6.25,5.75
Malik Amin Aslam,5.75,5.38
Environmental Pollution Climate Change,5.0,6.75
Pak yforce,7.0,7.0
Waseem Ahmed Khattak,7.0,7.0
environmental management plan,7.0,7.0
rehabilitation and widening project,6.75,6.88
Rwanda,6.17,5.5
cycleways,4.88,3.5
drastic collapse,1.88,7.75
crop failures,2.5,7.12
Spartan Mosquito Eradicator,4.75,4.38
Texas Department of Agriculture,5.0,3.5
policies,5.83,6.83
suburbs,4.5,4.33
Pacific neighbours,6.83,6.67
condescending attitude,2.83,5.0
 Arua Koboko,6.62,5.88
Pine Crest students,5.38,4.0
environmental scientists,5.75,4.5
UNFCCC,7.0,6.5
2030 target,7.5,7.75
 Environmental appeals board,5.75,4.5
Danish Environmental Protection Agency,5.915,5.04
Baltic Pipe Energinet,5.0,3.75
e-scooters 'death traps',2.5,7.0
Power prices,4.17,3.17
mid-year financials,4.5,3.17
W. Eugene Smith,7.33,7.17
environmental catastrophe,2.33,6.67
BrookeELierman,7.88,7.62
Angela,7.5,7.5
federal government,5.33,3.67
U.S. Environmental Protection Agency standards,6.33,6.17
disinfectant products,6.0,6.0
environmental pollution ,2.5,7.17
Public awareness,7.17,7.0
Andi Eigenmann,7.17,7.17
world economic forum,2.1,7.3
Clean energy advocates,4.5,6.88
Ford's plan,2.38,6.62
Missouri electric vehicles,4.75,6.0
RT jennybethm,5.0,3.5
Puerto Rico s Energy,2.75,6.5
Rachel Carson,7.645,7.525
pesticide,3.38,6.5
Radon,2.17,7.5
NM Indoor Radon Outreach Program,6.33,6.0
sustainable future,7.33,7.17
protecting the environment,7.17,7.17
Empowering the next generation,7.33,7.17
apocalyptic climate change,1.88,7.62
reduce carbon emissions,7.0,6.75
oil cartels,2.67,5.83
clean energy tech,7.0,7.0
StackhouseNCME ,7.0,6.75
Adult Education,7.0,6.88
ABC s flagship rural program,7.2,7.3
Agriculture portfolio,7.4,7.6
Coal shortage,2.75,5.5
stock and market,3.88,4.12
U.S. electricity generation,6.83,6.67
United States,6.67,6.5
roads and bridges,5.33,4.83
Texas energy grid,5.12,3.88
usage,5.38,4.12
Dr. Vasile ,6.88,6.88
animal agriculture,4.75,5.0
Rhode Island,7.25,7.0
renewable electric,7.38,7.5
Environmental Education,7.5,7.5
Ford the Bronco,7.75,8.0
nuclear plans for Thyspunt,2.25,6.75
community-owned renewable energy,7.25,7.25
environmental advocacy,7.0,7.25
consumer of media and cinema,6.38,6.38
people,4.165,4.335
School gardens,7.0,7.0
life skills,7.0,7.25
healthy eating,7.25,7.25
Science,7.25,7.25
fossil projects,2.75,6.25
Kim Go Eun,7.5,8.0
sea garbage,3.0,7.0
marine cleanup activity,7.0,7.5
Semi,7.75,8.25
Morrisons,2.5,6.5
phantom submarines,2.67,6.67
Birchall Foodservice,6.88,7.12
gas CO2 allowances,2.5,6.75
coal shortage,2.5,6.5
power plant,4.085,5.335
water quality,7.0,6.83
coal burning electricity producing plants,5.5,6.83
lead-based paint,3.5,5.17
Centers for Disease Control and Environmental Protection Agency,5.0,3.5
health problems,1.83,7.33
DDT,2.415,6.835
Environmental Defense Fund ,7.0,6.5
environmental movement,6.5,6.5
clean nuclear plants,3.0,7.0
Government,4.915,6.415
Small Modular Reactors,7.0,6.83
Siegfriedevens,6.0,4.75
HBO s Chernoby,5.0,2.75
internal combustion engine vehicles,1.5,8.0
jetmotorcompany,7.5,8.0
good motors,7.5,8.0
JoeBiden,2.5,6.83
clean energy tax credits,4.965,5.415
affordable gas,6.67,6.5
 climate,3.25,4.88
leftists,3.88,3.38
Ukrainians,3.67,8.0
transitioning,7.17,7.67
the people raising awareness,5.33,7.83
vulnerable people,6.83,7.33
coal NG prices,2.0,8.0
plants,7.5,8.0
power agriculture,8.0,8.0
emissions,2.5,5.5
climate change policy,5.83,6.67
cancer,2.75,5.0
Ethylene oxide,2.75,5.0
republican state,4.5,2.83
"environmental protection agency, cia fbi",6.67,6.83
Leavenworth kansas,4.17,3.0
new infrastructure,5.0,5.5
energy issues,2.83,6.33
climate crisis,4.165,6.085
Nuclear Energy's Contribution,6.17,6.17
programme,7.25,7.38
decarbonizing electricity,7.33,7.5
clean electricity standard,7.33,7.5
liberal policy writers,5.0,3.75
clean-energy abundance,6.75,6.75
loosened zoning restrictions,5.75,5.0
spaceflight,7.33,7.83
supersonic passenger jets,7.17,7.67
inspirational young leaders,7.5,8.0
project 'Cyclo Day',7.5,8.0
Sopagna,7.0,7.5
biodiversity,7.62,7.88
next generation,6.88,6.62
European natural gas prices,4.25,4.62
Russia,3.75,3.88
schools,7.33,7.33
Star Wars,6.62,6.25
Animation High Bar,6.38,6.12
low carbon nuclear energy,7.0,7.0
limits on soot pollution,7.0,6.83
environmental justice,7.17,7.0
awareness,4.165,7.665
sea turtle nest monitoring surveys,7.25,7.25
petrol,4.17,4.17
nuclear reactors,7.8100000000000005,7.9399999999999995
net carbon zero,7.5,8.0
Surface flooding,3.25,4.75
wetlands,7.25,7.75
global green technology sustainability market,6.67,6.67
TATAMOTORS,7.0,7.0
GREEN MOBILITY,7.38,7.62
livable planet,7.33,7.5
THURS Americans,5.5,4.67
electrical grid,7.0,7.17
Firefighters,7.0,6.83
good air quality,6.67,6.17
coal powered power plants,4.62,6.75
Building electric vehicles,7.25,7.75
Cash incentives for eco-friendly home,7.0,7.5
EnvironmentWeek,6.75,7.25
Tamil Nadu,5.88,4.88
Union govt,3.88,3.5
Clean Energy and e-Mobility.,8.0,8.0
battery electric vehicles,7.0,7.0
coal-based plants,3.0,7.0
Tata Mumbai Marathon 2023,7.0,6.75
social and environmental causes,7.25,7.38
Teflon,3.12,4.5
Mass weatherization,7.25,7.25
hedgies,2.5,6.0
CFTC,5.0,4.0
Telsa,7.12,7.38
 Elon Musk,5.7,5.1
Gen Atomic,7.67,7.67
Jubilee,2.67,4.5
Nuclear Power Plants,6.5,6.0
Japan and Germany,4.25,3.0
" ""climate change"" narrative believers ",2.75,5.75
U.S. Circuit Court of Appeals,6.375,6.5
coal company,3.0,5.0
U.S. Environmental Protection,6.25,6.25
2020 Water Quality Report,5.5,3.75
Irving s tap water,6.5,7.0
The 3rd act of Ghostbusters,4.25,4.12
cleantech and supercharge,7.12,7.12
batteries and electric vehicles,7.12,7.25
The Bleeding Of Earth,6.88,6.75
nature photography,7.12,7.25
environmental issues and solutions,7.12,7.25
domestic nuclear energy,6.33,7.33
legislature,2.33,7.33
Hugh McKean,2.12,6.75
Paul Lundeen,2.25,6.88
 Clean Air Act,7.25,7.38
Louisiana s Regional Haze Plan,2.62,6.38
Duchesne River,5.83,4.83
Maimuna Zakari,6.0,4.75
KEPA,5.75,4.38
China s state-owned nuclear energy company,3.67,4.17
20bn Sizewell nuclear power station,5.83,4.83
Scottish Environmental Protection Agency,6.62,6.88
Liberals ,2.25,7.75
Morrison s misogyny,2.0,7.5
economy,4.75,2.0
The Mabira Forest Brunch,7.38,7.25
Environmental awareness,7.38,7.38
wilderness,7.75,7.75
NPT,6.5,5.67
nuclear weapons,3.67,4.67
Nebraska Corn Growers Association,6.33,6.5
E15 Rule,7.0,7.0
mouse bait,3.75,3.25
The Sines coal plant ,4.38,2.25
ENERGY STAR,6.0,4.75
The U.S Environmental Protection Agency,5.5,4.12
The U.S. Court of Appeals,5.0,1.25
DC Circuit,5.0,1.0
Multipurpose Grant,6.67,6.17
 GMOs,5.75,4.25
power sector standards,6.5,5.9
end-use equipment rebates,6.4,5.9
National Environmental Awareness Month Commemoration,7.25,7.12
DG rafaelmgrossi,7.12,6.75
FoNE,6.88,6.38
energy prices,3.38,4.38
CLEAN ENERGY,8.25,8.0
investments,7.62,7.38
Sean,7.75,7.38
CPS Energy,5.25,6.0
Mayor Nirenberg,5.5,6.25
Spruce coal plant,2.5,5.25
cost of nuclear energy,2.0,7.25
energy needs,7.5,6.75
bicycles,6.75,6.0
Springfield's CWLP coal,6.67,5.83
digitalplanet podcast,6.33,5.33
women,6.83,6.17
Rudd,1.67,8.17
Shane Stone,2.0,8.0
PSYOP,2.0,7.5
climate-change,2.33,7.33
MichaelEMann,3.0,5.83
tawandagudhlanga,4.17,2.0
polluter,2.12,6.62
CPS and TX,1.5,8.12
economic bridge,6.25,5.0
SARS-CoV-2,2.88,8.0
gasoline and diesel cars,5.12,6.12
methane,2.17,7.33
weather warnings,2.25,7.75
Greens and independents,8.0,7.5
SomEnviroForum,5.17,2.83
panel discussions,5.0,2.83
sustainable farming systems,7.83,7.83
planning system,7.0,7.17
Northern Ireland s clean energy transition,7.0,7.33
gas field,1.75,8.25
environmental policy,7.25,6.5
animals,7.75,7.5
renewable energy certificate ,5.0,7.25
REC Market,7.0,6.5
Alentejo wine producers,7.38,6.88
farming,7.38,7.25
housing needs for people,6.25,5.0
public servants,1.88,7.75
environment and climate change,3.67,7.67
Democrats,8.17,8.5
gun violence,1.835,7.225
women s rights,8.33,8.67
The state legislature,6.0,4.62
mainstream,6.67,6.5
humans,4.17,6.83
Trinidad Tobago National Commission for UNESCO,5.83,7.83
environmental education,7.585,7.0
 climate change,1.33,8.5
World Health Organization,7.5,7.38
WHO s Green Manifesto,7.5,7.75
Diet Coke,1.75,7.12
programs,7.5,7.5
birds,6.875,6.625
Covid,1.38,8.12
monkey pox,1.88,7.88
prairie energy,7.25,6.5
Prairie provinces,7.0,6.25
BWXTech president John MacQuarrie,6.25,5.25
 steam generators ,6.25,5.12
nuclear energy companies,6.38,5.25
wildlife tourism,7.17,6.67
Extreme-E,7.83,8.0
racing sports industry,7.33,6.67
eco-friendly and self-sufficient home,8.0,7.88
Chemnitz-Nord coal plant,2.5,5.75
carbon permits prices,5.62,6.75
electric vehicles ,6.3,5.6
investor,6.0,4.8
U.S,6.5,6.5
PJM Clean Attribute Senior Task Force,7.5,7.38
environmental health professionals,7.5,7.25
 poor housing conditions,2.5,6.75
warehouse facility,2.5,6.88
Crawford coal plant,2.12,7.25
Ramana and Lyman,1.75,7.75
north Highlands,4.83,2.5
Sepa,5.67,3.67
Bath Science Cafe talk,7.0,6.17
green chemistry lithium batteries,7.67,7.67
Tigray,7.0,6.5
UNGeneva,4.5,2.62
WHO,4.5,2.62
CDC,6.25,6.25
National Public Health Framework,7.25,7.0
vector-borne diseases ,2.0,7.25
imVkohli,7.0,7.0
infrastructure,5.75,3.75
corporate tax rate,2.5,6.25
Environment,7.1899999999999995,6.875
 physical climate risks,2.5,6.33
EU regulations,5.75,6.38
GreenJobsOshawa,6.75,6.25
public sector,7.5,7.5
Opibus1,7.17,7.0
RFosterFletcher,5.83,4.83
Sanitation minister,5.33,2.5
environment minister,5.17,2.5
environmental protection Agency,5.0,2.33
power shortages,2.75,5.38
EUinSierraLeone,7.25,7.12
Labour Pathway for women,7.0,7.0
computers on wheels,7.0,7.25
Trinidad Tobago,6.5,5.5
United States Environmental Protection Agency,7.83,7.83
EVHybridNoire,7.0,6.5
Clean Car ,6.5,5.5
U.S. Environmental Protection Agency ,4.88,6.88
Clean Car Standards,7.0,6.62
political elite,2.83,6.17
National Association Of Landscape Professionals,5.88,4.0
Department of Homeland Security,5.38,3.38
TV news,2.75,7.0
environmental awareness sustainability,7.0,7.0
environmentally conscious corporate strategy,7.5,7.5
Green IT hardware,7.5,7.5
energy efficient home,7.67,7.67
climate resilience,7.5,7.33
Thermal power generation plants,7.17,7.0
nuclear plant,7.0600000000000005,6.665
climate challenge,3.88,3.62
transport,6.12,4.25
TotalEnergiesKE,7.75,7.88
Children,4.75,7.25
salaries,3.62,5.25
China to reduce emissions,7.5,7.5
Bees,7.5,7.17
US REFINERY CAPACITY,3.67,4.5
BIDEN,2.83,6.5
OIL COMPANY POLITICS,2.5,6.67
Ultratech,7.25,7.25
Reliance,7.0,7.0
NBK,7.83,8.0
coding skills,7.25,6.75
Veganuary,7.5,7.38
vegan lifestyle,7.5,7.25
Viet Nam,7.0,7.5
solar power,7.5,7.75
Gov. Network of Environment Education Centers,7.38,7.38
Motor vehicles,2.33,6.67
Bolivian,6.33,5.17
Pakistan s first locally made electric vehicles,7.12,6.88
northeast,5.0,2.5
Martha Wofford,6.88,6.0
The federal Environmental Protection Agency,6.67,6.17
Clean Energy Education and Empowerment International Initiative,7.0,6.12
Equality in Energy Transitions,7.88,7.75
green projects,7.62,7.62
Europarl EN,8.5,7.5
pollution autocracy,2.5,7.0
EJ4IL,7.335,6.975
fossilfreefuture,7.12,7.0
Beach Cleanliness,7.5,7.33
Environmental Awareness Campaign,7.67,7.5
marine life,7.275,6.875
fossil-fueled energy,8.0,7.25
SpaceNorah,7.88,7.62
 8 Billion Program ,6.88,6.62
regional clean hydrogen hubs,7.5,7.38
Clean Hydrogen Economy,7.62,7.62
Avangrid Renewables,7.33,6.83
 fossil fuels,1.75,7.75
Big Oil agenda,1.5,8.0
environmental problems,5.5,6.0
EPA -approved chemicals,7.33,7.17
carbon,2.0,7.5
coal burning plants,1.62,7.88
rally,7.5,7.67
communities,7.5,7.5
CEO Phyllis Cuttino ,8.0,8.25
Virginia s greenhouse emissions,1.5,8.33
climate scientist,6.33,5.5
Twitter mental health break month,7.62,6.75
medicine,6.12,6.38
Alphab order,5.17,3.0
autonomous vehicles,7.83,7.83
independent environment body,6.75,6.25
plastics,2.33,7.0
carbon capture,3.33,5.67
climate change mitigation,6.83,6.67
BC s clean energy electric vehicles,6.83,6.33
BowinnMa,6.5,6.17
Fast and Furious 10,5.5,3.0
ocean,6.12,5.75
Mr. Heat Pump,7.25,7.25
gas-oil run power grids,5.75,5.25
technology,7.62,7.62
sustainable America,7.75,7.75
Environment and Water,8.0,7.88
RTD,3.5,7.17
CLIMATE CHANGE ACTIVISTS,1.5,8.25
carbon footprint,2.75,6.81
NasDaily,2.38,6.88
tail risk,2.5,7.12
climate breakdown,2.0,8.0
Wildfires,5.0,7.0
racism,1.75,7.75
tax payer money,5.88,6.88
Doug Ford,1.5,7.75
public charging stations,7.62,7.75
petrol prices,2.0,8.0
economical sustainable transport,7.75,7.5
EVs,8.0,7.75
temperatures ,3.5,6.5
energy storage,7.33,7.33
New Jersey policymakers,5.5,4.83
Senate Bill 2185,7.33,7.5
Google,8.17,7.83
Amazon,8.0,7.5
Wolfgang Kromp,7.12,6.75
Austria,6.38,5.75
Folly Hughes,1.33,8.5
diesel fuel,5.12,6.25
YELL,7.5,7.0
Young people,4.0,7.5
abortion access,2.17,7.33
zero-waste products,7.5,7.17
iKON,7.5,7.0
aMAEzing Marketing Group,6.9,6.5
old coal plants,2.75,7.25
Dutch government,3.12,7.0
rural campaign and Awareness Campaign,6.75,6.62
Global Climate change,2.88,7.12
environmentalist,2.0,7.83
coal mines and coal power plants,7.67,7.0
chemicals hazardous,3.38,6.62
Atlanta Forest,7.5,7.0
Atlanta Police,3.5,6.25
 coal plant,4.17,6.17
natural gas supplies,6.33,5.83
Geethika Venkatesan,7.75,7.5
gas vehicles,4.0,6.25
private vehicle ownership,3.75,6.5
Scrap Metal Releases,3.5,6.5
EPA News Release,6.12,6.0
trading week,6.67,6.5
capitalism,1.25,8.75
sexual reproductive health,7.83,7.33
self awareness,7.83,7.33
Environmental conservation,8.0,7.5
 clean energy,7.75,7.25
commodities,7.67,7.33
astrology awareness,1.5,8.5
DST- IIT Kanpur,7.0,6.83
ICMAP,7.17,6.67
wind industry,5.0,7.2
The American Recovery and Reinvestment Act of 2009,4.67,5.33
BATTERY CAPACITY,4.5,5.33
NFT,1.0,8.75
natrium reactor project,9.0,8.83
wyoming coal plant,2.0,7.83
artistic,8.0,7.5
the left,2.12,7.88
public transportation,8.17,7.83
rooftop solar,8.0,7.67
Nessie,6.88,6.62
Loch Ness,6.62,6.38
better jobs,7.38,7.0
investinpak,7.67,6.67
KP Environmental Protection Agency,6.5,6.0
self-fulfilling prophecy,5.25,7.75
climate finance work,6.83,6.0
hippies,1.17,8.5
mental health,8.88,8.38
financial literacy,8.88,8.38
Staff Toxicologist position,7.67,7.0
big artists,1.33,8.5
crypto,1.0,9.0
Fans,7.67,7.0
nanon korapat,6.33,5.83
carbon free energy,8.25,7.75
plan,7.83,7.17
awareness campaign,8.0,7.5
behavior,6.83,6.33
govt,7.0,6.5
weekly hood environmental awareness segment,6.62,6.0
 balloons,6.25,5.75
vehicular pollution,3.0,6.0
industrialization,3.0,6.0
pollution solutions,8.17,7.33
oil monopolies,2.0,7.67
SAVES THE EARTH,6.62,6.12
Japan's,6.0,5.5
domestic and international social,6.38,5.88
power,8.17,7.33
Nuclear,7.5,6.83
firm power substitutes,2.5,7.33
Department of Treasury,4.83,3.33
Department of Labor,4.67,3.0
environmental benefits,6.88,6.25
promote green mobility,6.88,6.25
physically mentally challenged children,6.88,6.25
Slovakia,7.25,6.5
 Russian energy,5.0,6.62
canada liberals conservatives,7.0,6.5
Ewan Mcgregor,6.62,6.0
Touro,6.25,5.75
National Environmental Protection Agency of Afghanistan NEPA,7.17,6.5
abortion,2.12,7.75
Tobacco,2.17,7.5
raise awareness,7.17,6.67
Alter Ego,7.12,6.62
Bitcoin,2.25,7.75
election,3.33,6.0
Jarmo Tanhua,5.83,5.33
Eurajoki eurajoenkunta,5.83,5.33
minaguli,7.83,7.0
Thirst4Water campaign,7.33,6.67
venus,6.88,6.38
longterm effects of HRT,4.67,5.33
reverse climate change,4.5,7.0
